id,text,clean_text,dedup_normalized_text,base_message,independence_group_id,language,script,source_platform,source_platform_all,source_dataset,source_dataset_all,cross_source_duplicate,original_label,final_label,label_id,split,topic,created_year,is_code_mixed,has_emoji,has_hashtag,contains_url,text_length_chars,token_count,variant_count,total_original_rows,original_ids,predicted_label_id,predicted_label,true_label,error_type,confidence,model
MOLB_001203,مهرباني وکړئ بحث په احترام سره وکړئ comment,مهرباني وکړئ بحث په احترام سره وکړئ comment,مهرباني وکړئ بحث په احترام سره وکړئ comment,مهرباني وکړئ بحث په احترام سره وکړئ comment,IND_GRP_00313,Pashto,Arabic-Pashto,Facebook,Facebook;Instagram;Public Forum;TikTok;Twitter/X;YouTube,PS_Private_Social_Comments,PS_LowResource_Private;PS_Private_Social_Comments;PS_Public_Forum_Mix,True,neutral,non-offensive,0,test,unverified,unverified,yes,no,no,no,43,8,12,65,103028;108773;109799;115048;116099;117687;120136;127830;140509;140623;147772;148058;154397;159738;160052;164626;164896;169288;183280;187475;188831;194904;195658;196710;197006;206194;207025;208189;208657;209015;209358;218728;232268;233056;240387;241446;103171;109501;138431;144121;145315;145850;108491;182037;131834;198051;239207;244159;150289;139459;188236;214247;100875;123986;161754;219834;221200;115314;143788;220074;223769;145876;180395;117737;207316,1,offensive,non-offensive,False Positive (FP),0.538,Linear_SVM
MOLB_001881,مهرباني وکړئ بحث په احترام سره وکړئ respect,مهرباني وکړئ بحث په احترام سره وکړئ respect,مهرباني وکړئ بحث په احترام سره وکړئ respect,مهرباني وکړئ بحث په احترام سره وکړئ respect,IND_GRP_00690,Pashto,Arabic-Pashto,Facebook,Facebook;Instagram;Public Forum;TikTok;Twitter/X;YouTube,PS_LowResource_Private,PS_LowResource_Private;PS_Private_Social_Comments;PS_Public_Forum_Mix,True,normal,non-offensive,0,test,unverified,unverified,yes,no,no,no,43,8,7,57,105774;161567;166606;171709;187749;192423;195714;201346;219513;106269;106840;108952;112028;119302;119484;121253;123787;129703;131286;133230;141049;142788;144185;151774;153556;157348;164302;164688;167064;167452;169012;169322;172867;177229;177319;187457;198350;199279;203218;210529;212743;212922;213516;214677;214825;222742;228594;198472;104085;146023;170693;126403;168955;214426;219504;212660;226418,1,offensive,non-offensive,False Positive (FP),0.5269,Linear_SVM
MOLB_001203,مهرباني وکړئ بحث په احترام سره وکړئ comment,مهرباني وکړئ بحث په احترام سره وکړئ comment,مهرباني وکړئ بحث په احترام سره وکړئ comment,مهرباني وکړئ بحث په احترام سره وکړئ comment,IND_GRP_00313,Pashto,Arabic-Pashto,Facebook,Facebook;Instagram;Public Forum;TikTok;Twitter/X;YouTube,PS_Private_Social_Comments,PS_LowResource_Private;PS_Private_Social_Comments;PS_Public_Forum_Mix,True,neutral,non-offensive,0,test,unverified,unverified,yes,no,no,no,43,8,12,65,103028;108773;109799;115048;116099;117687;120136;127830;140509;140623;147772;148058;154397;159738;160052;164626;164896;169288;183280;187475;188831;194904;195658;196710;197006;206194;207025;208189;208657;209015;209358;218728;232268;233056;240387;241446;103171;109501;138431;144121;145315;145850;108491;182037;131834;198051;239207;244159;150289;139459;188236;214247;100875;123986;161754;219834;221200;115314;143788;220074;223769;145876;180395;117737;207316,1,offensive,non-offensive,False Positive (FP),0.95,CNN-BiLSTM
MOLB_001203,مهرباني وکړئ بحث په احترام سره وکړئ comment,مهرباني وکړئ بحث په احترام سره وکړئ comment,مهرباني وکړئ بحث په احترام سره وکړئ comment,مهرباني وکړئ بحث په احترام سره وکړئ comment,IND_GRP_00313,Pashto,Arabic-Pashto,Facebook,Facebook;Instagram;Public Forum;TikTok;Twitter/X;YouTube,PS_Private_Social_Comments,PS_LowResource_Private;PS_Private_Social_Comments;PS_Public_Forum_Mix,True,neutral,non-offensive,0,test,unverified,unverified,yes,no,no,no,43,8,12,65,103028;108773;109799;115048;116099;117687;120136;127830;140509;140623;147772;148058;154397;159738;160052;164626;164896;169288;183280;187475;188831;194904;195658;196710;197006;206194;207025;208189;208657;209015;209358;218728;232268;233056;240387;241446;103171;109501;138431;144121;145315;145850;108491;182037;131834;198051;239207;244159;150289;139459;188236;214247;100875;123986;161754;219834;221200;115314;143788;220074;223769;145876;180395;117737;207316,1,offensive,non-offensive,False Positive (FP),0.95,CNN
MOLB_001881,مهرباني وکړئ بحث په احترام سره وکړئ respect,مهرباني وکړئ بحث په احترام سره وکړئ respect,مهرباني وکړئ بحث په احترام سره وکړئ respect,مهرباني وکړئ بحث په احترام سره وکړئ respect,IND_GRP_00690,Pashto,Arabic-Pashto,Facebook,Facebook;Instagram;Public Forum;TikTok;Twitter/X;YouTube,PS_LowResource_Private,PS_LowResource_Private;PS_Private_Social_Comments;PS_Public_Forum_Mix,True,normal,non-offensive,0,test,unverified,unverified,yes,no,no,no,43,8,7,57,105774;161567;166606;171709;187749;192423;195714;201346;219513;106269;106840;108952;112028;119302;119484;121253;123787;129703;131286;133230;141049;142788;144185;151774;153556;157348;164302;164688;167064;167452;169012;169322;172867;177229;177319;187457;198350;199279;203218;210529;212743;212922;213516;214677;214825;222742;228594;198472;104085;146023;170693;126403;168955;214426;219504;212660;226418,1,offensive,non-offensive,False Positive (FP),0.95,CNN
MOLB_000072,ستاسو خبره نامناسبه او بې ادبه ښکاري update,ستاسو خبره نامناسبه او بې ادبه ښکاري update,ستاسو خبره نامناسبه او بې ادبه ښکاري update,ستاسو خبره نامناسبه او بې ادبه ښکاري update,IND_GRP_00069,Pashto,Arabic-Pashto,Public Forum,Facebook;Instagram;Public Forum;TikTok;Twitter/X;YouTube,PS_Private_Social_Comments,PS_LowResource_Private;PS_Private_Social_Comments;PS_Public_Forum_Mix,True,hate,offensive,1,test,unverified,unverified,yes,no,no,no,43,8,13,66,100093;231955;101913;102345;102821;102885;107165;107450;111527;113864;115240;115348;119260;119566;122291;122703;123876;128248;129413;138625;145615;148984;150084;153931;162866;170839;172536;180161;186523;189401;193997;199125;199726;211334;211360;213974;225651;226414;231041;233201;242163;163882;171128;176998;214949;223776;230027;235948;128189;168174;116706;160812;202639;158446;184556;200228;124814;210418;218977;202635;234367;153852;120316;194221;147337;165048,0,non-offensive,offensive,False Negative (FN),0.95,Attention-BiLSTM
MOLB_001203,مهرباني وکړئ بحث په احترام سره وکړئ comment,مهرباني وکړئ بحث په احترام سره وکړئ comment,مهرباني وکړئ بحث په احترام سره وکړئ comment,مهرباني وکړئ بحث په احترام سره وکړئ comment,IND_GRP_00313,Pashto,Arabic-Pashto,Facebook,Facebook;Instagram;Public Forum;TikTok;Twitter/X;YouTube,PS_Private_Social_Comments,PS_LowResource_Private;PS_Private_Social_Comments;PS_Public_Forum_Mix,True,neutral,non-offensive,0,test,unverified,unverified,yes,no,no,no,43,8,12,65,103028;108773;109799;115048;116099;117687;120136;127830;140509;140623;147772;148058;154397;159738;160052;164626;164896;169288;183280;187475;188831;194904;195658;196710;197006;206194;207025;208189;208657;209015;209358;218728;232268;233056;240387;241446;103171;109501;138431;144121;145315;145850;108491;182037;131834;198051;239207;244159;150289;139459;188236;214247;100875;123986;161754;219834;221200;115314;143788;220074;223769;145876;180395;117737;207316,1,offensive,non-offensive,False Positive (FP),0.95,Attention-BiLSTM
MOLB_001213,ستاسو خبره نامناسبه او بې ادبه ښکاري respect,ستاسو خبره نامناسبه او بې ادبه ښکاري respect,ستاسو خبره نامناسبه او بې ادبه ښکاري respect,ستاسو خبره نامناسبه او بې ادبه ښکاري respect,IND_GRP_00604,Pashto,Arabic-Pashto,Facebook,Facebook;Instagram;Public Forum;TikTok;Twitter/X;YouTube,PS_LowResource_Private,PS_LowResource_Private;PS_Private_Social_Comments;PS_Public_Forum_Mix,True,hate,offensive,1,test,unverified,unverified,yes,no,no,no,44,8,15,73,103060;111356;114277;120188;120434;126854;128012;128371;131311;132505;135727;137367;138887;145534;150097;150509;155297;158585;162324;165539;174197;174662;184923;186297;192680;193701;194525;194963;195256;195751;202568;220377;224788;226609;236983;243383;110988;114359;125486;129017;150628;153909;174638;179896;183434;190605;112834;132496;183244;188829;196349;213174;238381;242306;142199;190166;180847;113294;164390;118801;146983;220713;195826;210151;207259;225203;119004;148668;196123;125322;170649;202358;116349,0,non-offensive,offensive,False Negative (FN),0.95,Attention-BiLSTM
MOLB_001881,مهرباني وکړئ بحث په احترام سره وکړئ respect,مهرباني وکړئ بحث په احترام سره وکړئ respect,مهرباني وکړئ بحث په احترام سره وکړئ respect,مهرباني وکړئ بحث په احترام سره وکړئ respect,IND_GRP_00690,Pashto,Arabic-Pashto,Facebook,Facebook;Instagram;Public Forum;TikTok;Twitter/X;YouTube,PS_LowResource_Private,PS_LowResource_Private;PS_Private_Social_Comments;PS_Public_Forum_Mix,True,normal,non-offensive,0,test,unverified,unverified,yes,no,no,no,43,8,7,57,105774;161567;166606;171709;187749;192423;195714;201346;219513;106269;106840;108952;112028;119302;119484;121253;123787;129703;131286;133230;141049;142788;144185;151774;153556;157348;164302;164688;167064;167452;169012;169322;172867;177229;177319;187457;198350;199279;203218;210529;212743;212922;213516;214677;214825;222742;228594;198472;104085;146023;170693;126403;168955;214426;219504;212660;226418,1,offensive,non-offensive,False Positive (FP),0.95,Attention-BiLSTM
