family,model,overall_accuracy,overall_macro_f1,Roman Urdu_accuracy,Roman Urdu_macro_f1,Roman Urdu_samples,English_accuracy,English_macro_f1,English_samples,Urdu_accuracy,Urdu_macro_f1,Urdu_samples,Pashto_accuracy,Pashto_macro_f1,Pashto_samples,worst_language_f1,best_language_f1,language_range
Traditional ML,Multinomial_Naive_Bayes,1.0,1.0,1.0,1.0,164,1.0,1.0,64,1.0,1.0,49,1.0,1.0,43,1.0,1.0,0.0
Traditional ML,Logistic_Regression,0.9938,0.9917,1.0,1.0,164,1.0,1.0,64,1.0,1.0,49,0.9535,0.9522,43,0.9522,1.0,0.0478
Traditional ML,Linear_SVM,0.9938,0.9917,1.0,1.0,164,1.0,1.0,64,1.0,1.0,49,0.9535,0.9522,43,0.9522,1.0,0.0478
Traditional ML,Random_Forest,1.0,1.0,1.0,1.0,164,1.0,1.0,64,1.0,1.0,49,1.0,1.0,43,1.0,1.0,0.0
Deep Learning,CNN,0.9938,0.9917,1.0,1.0,164,1.0,1.0,64,1.0,1.0,49,0.9535,0.9522,43,0.9522,1.0,0.0478
Deep Learning,BiLSTM,0.9938,0.9917,1.0,1.0,164,1.0,1.0,64,1.0,1.0,49,0.9535,0.9522,43,0.9522,1.0,0.0478
Deep Learning,CNN-BiLSTM,0.9969,0.9959,1.0,1.0,164,1.0,1.0,64,1.0,1.0,49,0.9767,0.9763,43,0.9763,1.0,0.0237
Deep Learning,Attention-BiLSTM,0.9875,0.9836,1.0,1.0,164,1.0,1.0,64,1.0,1.0,49,0.907,0.9057,43,0.9057,1.0,0.0943
Transformer,mBERT,0.9875,0.9836,1.0,1.0,164,1.0,1.0,64,0.9592,0.9588,49,0.9535,0.9522,43,0.9522,1.0,0.0478
