model,family,split_seed,train_size,val_size,test_size,train_time_sec,accuracy,macro_f1,weighted_f1
Linear_SVM,Traditional ML,11,1120,160,321,0.066,0.9907,0.9878,0.9906
CNN-BiLSTM,Deep Learning,11,1120,160,321,25.49,0.9938,0.9919,0.9937
Linear_SVM,Traditional ML,22,1120,160,321,0.007,0.9938,0.9916,0.9937
CNN-BiLSTM,Deep Learning,22,1120,160,321,24.62,1.0,1.0,1.0
Linear_SVM,Traditional ML,33,1120,160,321,0.007,0.9938,0.9919,0.9937
CNN-BiLSTM,Deep Learning,33,1120,160,321,19.82,1.0,1.0,1.0
Linear_SVM,Traditional ML,44,1120,160,321,0.008,1.0,1.0,1.0
CNN-BiLSTM,Deep Learning,44,1120,160,321,21.67,0.9907,0.9882,0.9906
Linear_SVM,Traditional ML,55,1120,160,321,0.007,0.9969,0.9963,0.9969
CNN-BiLSTM,Deep Learning,55,1120,160,321,28.2,1.0,1.0,1.0
